<?xml version="1.0" encoding="UTF-8"?>
<beans xmlns="http://www.springframework.org/schema/beans"
       xmlns:xsi="http://www.w3.org/2001/XMLSchema-instance"
       xmlns:security="http://www.springframework.org/schema/security"
       xsi:schemaLocation="http://www.springframework.org/schema/beans http://www.springframework.org/schema/beans/spring-beans.xsd http://www.springframework.org/schema/security https://www.springframework.org/schema/security/spring-security.xsd">

    <security:authentication-manager>
<!--        <security:authentication-provider>-->
<!--            <security:user-service>-->
<!--                <security:user name="nykim" authorities="ROLE_USER" password="{noop}letmein"/>-->
<!--                <security:user name="alice" authorities="ROLE_USER" password="{noop}letmein"/>-->
<!--            </security:user-service>-->
<!--        </security:authentication-provider>-->
        <security:authentication-provider>
            <security:jdbc-user-service data-source-ref="dataSource"
                   users-by-username-query="select username, password,enabled from users where username=?"
                   authorities-by-username-query="select username, authority from authorities where username=?" />
        </security:authentication-provider>
    </security:authentication-manager>

    <security:http auto-config="true" use-expressions="true">
        <security:intercept-url pattern="/" access="permitAll()"/>
        <security:intercept-url pattern="/login" access="permitAll()"/>
        <security:intercept-url pattern="/resources/**" access="permitAll()"/>
        <security:intercept-url pattern="/credit" access="hasRole('ROLE_USER')"/>
        <security:intercept-url pattern="/credit/**" access="permitAll()"/>
        <security:intercept-url pattern="/registration" access="hasRole('ROLE_USER')"/>
        <security:intercept-url pattern="/showRegistration" access="hasRole('ROLE_USER')"/>
       <security:intercept-url pattern="/**" access="denyAll()"/>

        <security:form-login login-page="/login"/>
        <security:logout/>
    </security:http>
</beans>